Ab. = Aboth = Avot
Ab. d’R. N. = Aboth d’Rabbi Nathan = Avot D'Rabbi Natan
Ab. Zar. = Abodah Zarah = Avodah Zarah
Ag. Hatt. = Agadoth hat-Torah = 
Alf. = Alfasi = (Rif)
Am. = Amos = Amos
Ar. = Arukh = 
Ar. Compl. = Arukh Completum ed = 
Arakh. = Arakhin = Arakhin
B. Bath. = Baba Bathra = Bava Batra
B. Kam. = Baba Ḳamma = Bava Kama
B. Mets. = Baba M’tsiʿa = Bava Metzia
B. N. = Beth Nathan = 
Bab. = Babli = Bavli
Bart. = Bartenora = Bartenura
Bekh. = B’khoroth = Bechorot
Ber. = B’rakhoth = Berachot
Berl. = Berliner = 
Berl. Beitr. = Berliner Beiträge zur Geographie und Ethnographie Babyloniens = 
Bets. = Betsah = Beitzah
B’ḥuck. = B’ḥuḳḳothay = Bechukotai
Bicc. = Biccurim = Bikkurim
B’resh. = B’reshith = Breishit
B’shall. = B’shallaḥ = Beshalach
Cant. = Canticum = Song of Songs
Cant. R. = Canticum Rabbah = Shir HaShirim Rabbah
Chron. = Chronicles = 
Curt. Griech. Etym. = Curtius Griechische Etymologie = 
Dan. = Daniel = Daniel
Darkhe Mish. = Frankel = 
Dem. = D’mai = Demai
Deut. = Deuteronomy = Deuteronomy
Deut. R. = Deuteronomy Rabbah = Devarim Rabbah
Ed. = Eduyoth = Eduyot
Erub. = Erubin = Eruvin
Esth. = Esther = Esther
Esth. R. = Esther Rabbah = Esther Rabbah
Ex. = Exodus = Exodus
Ex. R. = Exodus Rabbah = Shemot Rabbah
Ez. = Ezekiel = Ezekiel
Fl. = Fleisher = 
Gem. = G’mara = Gemara
Gen. = Genesis = Genesis
Gen. R. = Genesis Rabbah = Bereishit Rabbah
Ges. H. Dict. = Gesenius Hebrew Dictionary = 
Gitt. = Giṭṭin = Gittin
Hab. = Habakkuk = Habakkuk
Hag. = Haggai = Haggai
Ḥag. = Ḥãgigah = Chagiga
Ḥall. = Ḥallah = Challah
Hor. = Horayoth = Horayot
Hos. = Hosea = Hosea
Ḥuck. = Ḥuḳḳath = Chukkat
Ḥull. = Ḥullin = Chullin
Is. = Isaiah = Isaiah
Jer. = Jeremiah = Jeremiah
Jon. = Jonah = Jonah
Jos. = Josephus = 
Josh. = Joshua = Joshua
Jud. = Judices = Judges
Kel. = Kelim = Keilim
Ker. = K’rithoth = Keritot
Keth. = K’thuboth = Ketuvot
Kidd. = Ḳiddushin = Kiddushin
Kil. = Kilayim = Kilayim
Kin. = Ḳinnim = Kinnim
Koh. = Koheleth = Ecclesiastes
Koh. Ar. Compl. = Kohut in Aruch Completum = 
Koh. R. = Koheleth Rabbah = Kohelet Rabbah
Lam. = Lamentations = Lamentations
Lam. R. = Lamentations Rabbah = Eichah Rabba
Lev. = Leviticus = Leviticus
Lev. R. = Leviticus Rabbah = Vayikra Rabbah
M. Kat. = Moʿed Ḳaṭon = Moed 
Maas. Sh. = Maʿǎser Sheni = Maaser Shein
Maasr. = Maʿasroth = Maasrot
Macc. = Maccoth = Makkot
Maim. = Maimonides = 
Makhsh. = Makhshirin = Machshirin
Mal. = Malachi = Malachi
Mat. K. = Matt’noth K’hunnah = 
Meg. = M’gillah = Megillah
Meil. = M’ʿilah = Meilah
Mekh. = M’khilta = Mekhilta
Men. = M’naḥoth = Menachot
Mic. = Micah = Micah
Midd. = Middoth = 
Midr. = Midrash = 
Midr. Sam. = Midrash Samuel = Midrash Shmuel
Midr. Till. = Midrash Tillim = Midrash Tehillim
Mikv. = Miḳvaoth = Mikvaot
Mishp. = Mishpaṭim = Mishpatim
Mus. = Musafia = 
Nah. = Nahum = Nahum
Naz. = Nazir = Nazir
Neg. = N’gaʿim = Negaim
Neh. = Nehemiah = Nehemiah
Ned. = N’darim = Nedarim
Nidd. = Niddah = Niddah
Num. = Numeri = Numbers
Num. R. = Numeri Rabbah = Bamidbar Rabba
Ob. = Obadiah = Obadiah
Orl. = ʿOrlah = Orlah
Par. = Parah = Parah
Par. = Parashah = 
Pes. = P’saḥim = Pesachim
Pesik. = P’siḳta d’R. Kahãna = Pesikta D'Rav Kahanna
Pesik. R. = P’siḳta Rabbathi = Pesikta Rabbati
Pesik. Zutr. = P’siḳta Zuṭrathi = 
R. Hash. = Rosh hash-Shanah = Rosh Hashana
R. S. = Rabbenu Shimshon = 
Ruth R. = Ruth Rabbah = Ruth Rabbah
Sabb. = Sabbath = Shabbat
Sam. = Samuel = 
Sef. Yets = Sefer Y’tsirah = Sefer Yetzirah
Shebi. = Sh’biith = Sheviit
Shebu. = Shʾbuoth = Shevuot
Shek. = Sh’ḳalim = Shekalim
S’maḥ. = S’maḥoth = 
Snh. = Sanhedrin = Sanhedrin
Sot. = Soṭah = Sotah
Succ. = Succah = Sukkah
Taan. = Taʿãnith = Taanit
Talm. = Talmud = 
Tam. = Tamid = Tamid
Tanḥ. = Midrash Tanḥuma = 
Tanḥ. ed. Bub. = Midrash Tanḥuma = 
Targ. = Targum = 
Targ. O. = Targum Onkelos = Onkelos
Targ. Y. = Targum Y’rushalmi = Targum Jerusalem
Targ. II = Targum Sheni = 
Tem. = T’murah = Temurah
Ter. = T’rumoth = Terumot
Toh. = Tohãroth = Taharot
Tosaf. = Tosafoth = Tosafot
Tosef. = Tosefta = Tosefta
Tosef. ed. Zuck. = Tosefta editio Zuckermandel = 
Treat. = Treatise = 
Ukts. = ʿUḳtsin = Uktzin
Y. = Y’rushalmi = Yerushalmi
Yad. = Yadayim = M Yadayim
Yalk. = Yalḳuṭ = Yalkut
Yeb. = Y’bamoth = Yevamot
Y’lamd. = Y’lamdenu = 
Zab. = Zabim = Zavim
Zakh. = Zakhor = Zakhor
Zeb. = Z’baḥim = Zevachim
Zech. = Zechariah = Zechariah
Zeph. = Zephaniah = Zephaniah
